<?xml version="1.0" encoding="UTF-8"?>
<metadata xml:lang="en"><Esri><CreaDate>20220428</CreaDate><CreaTime>10470800</CreaTime><ArcGISFormat>1.0</ArcGISFormat><SyncOnce>TRUE</SyncOnce><DataProperties><lineage><Process ToolSource="c:\program files (x86)\arcgis\desktop10.8\ArcToolbox\Toolboxes\Data Management Tools.tbx\Append" Date="20220427" Time="104707">Append BuildingBase Yangchenphu NO_TEST "StreetName "StreetName" true true false 50 Text 0 0 ,First,#;PreDir "PreDir" true true false 10 Text 0 0 ,First,#;Quad "Quad" true true false 12 Text 0 0 ,First,#;Type "Type" true true false 30 Text 0 0 ,First,#;BuildingNo "BuildingNo" true true false 4 Long 0 0 ,First,#;ZurlamNo "ZurlamNo" true true false 4 Long 0 0 ,First,#;ZurlamSuffx "ZurlamSuffx" true true false 10 Text 0 0 ,First,#;Status "Status" true true false 10 Text 0 0 ,First,#;LocalityName "LocalityName" true true false 50 Text 0 0 ,First,#;BuildingID "BuildingID" true true false 4 Long 0 0 ,First,#;BuildingName "BuildingName" true true false 100 Text 0 0 ,First,#;Use "Use" true true false 20 Text 0 0 ,First,#;City "City" true true false 10 Text 0 0 ,First,#;Address "Address" true true false 150 Text 0 0 ,First,#;StrID "StrID" true true false 4 Long 0 0 ,First,#;SHAPE_Length "SHAPE_Length" false true true 8 Double 0 0 ,First,#,BuildingBase,SHAPE_Length,-1,-1;SHAPE_Area "SHAPE_Area" false true true 8 Double 0 0 ,First,#,BuildingBase,SHAPE_Area,-1,-1" #</Process><Process ToolSource="c:\program files (x86)\arcgis\desktop10.8\ArcToolbox\Toolboxes\Data Management Tools.tbx\CalculateField" Date="20220428" Time="102438">CalculateField Yangchenphu PreDir Null VB #</Process><Process ToolSource="c:\program files (x86)\arcgis\desktop10.8\ArcToolbox\Toolboxes\Data Management Tools.tbx\CalculateField" Date="20220428" Time="102520">CalculateField Yangchenphu Quad "SE" VB #</Process><Process ToolSource="c:\program files (x86)\arcgis\desktop10.8\ArcToolbox\Toolboxes\Data Management Tools.tbx\CalculateField" Date="20220428" Time="102706">CalculateField Yangchenphu LocalityName "Yangchenphu" VB #</Process><Process ToolSource="c:\program files (x86)\arcgis\desktop10.8\ArcToolbox\Toolboxes\Data Management Tools.tbx\CalculateField" Date="20220428" Time="102730">CalculateField Yangchenphu City "Thimphu" VB #</Process><Process ToolSource="c:\program files (x86)\arcgis\desktop10.8\ArcToolbox\Toolboxes\Data Management Tools.tbx\CalculateField" Date="20220428" Time="102859">CalculateField Yangchenphu BuildingID autoIncrement() PYTHON_9.3 "rec=0 \ndef autoIncrement(): \n global rec \n pStart = 130001\n pInterval = 1\n if (rec == 0):  \n  rec = pStart  \n else:  \n  rec += pInterval  \n return rec\n\n"</Process><Process ToolSource="c:\program files (x86)\arcgis\desktop10.8\ArcToolbox\Toolboxes\Data Management Tools.tbx\CalculateField" Date="20220428" Time="103240">CalculateField Yangchenphu ZurlamNo Null VB #</Process><Process ToolSource="c:\program files (x86)\arcgis\desktop10.8\ArcToolbox\Toolboxes\Data Management Tools.tbx\CalculateField" Date="20220428" Time="103639">CalculateField Yangchenphu Address "[BuildingNo]&amp;" "&amp; [StreetName]&amp;" "&amp; [Type]&amp;" "&amp; [Quad]&amp;", "&amp; [LocalityName]&amp;", "&amp; [City]" VB #</Process><Process ToolSource="c:\program files (x86)\arcgis\desktop10.8\ArcToolbox\Toolboxes\Data Management Tools.tbx\CalculateField" Date="20220428" Time="103813">CalculateField Yangchenphu Address "[BuildingNo]&amp;" "&amp; [StreetName]&amp;" "&amp; [Type]&amp;" "&amp; [ZurlamNo] &amp;" "&amp; [ZurlamSuffx]  &amp;" "&amp;[Quad]&amp;", "&amp; [LocalityName]&amp;", "&amp; [City]" VB #</Process><Process ToolSource="c:\program files (x86)\arcgis\desktop10.8\ArcToolbox\Toolboxes\Data Management Tools.tbx\CalculateField" Date="20220428" Time="103911">CalculateField Yangchenphu Address "[BuildingNo]&amp;" "&amp; [StreetName]&amp;" "&amp; [Type]&amp;" "&amp; [ZurlamNo] &amp;" "&amp; [Quad]&amp;", "&amp; [LocalityName]&amp;", "&amp; [City]" VB #</Process><Process ToolSource="c:\program files (x86)\arcgis\desktop10.8\ArcToolbox\Toolboxes\Data Management Tools.tbx\CalculateField" Date="20220428" Time="104514">CalculateField Yangchenphu Address Replace( [Address], "STTYP2","Zur Lam" ) VB #</Process><Process ToolSource="c:\program files (x86)\arcgis\desktop10.8\ArcToolbox\Toolboxes\Data Management Tools.tbx\CalculateField" Date="20220428" Time="104526">CalculateField Yangchenphu Address Replace( [Address], "STTYP1","Lam" ) VB #</Process><Process ToolSource="c:\program files (x86)\arcgis\desktop10.8\ArcToolbox\Toolboxes\Data Management Tools.tbx\CalculateField" Date="20220428" Time="104604">CalculateField Yangchenphu Address Replace( [Address], "STTYP1","Lam" ) VB #</Process><Process ToolSource="c:\program files (x86)\arcgis\desktop10.8\ArcToolbox\Toolboxes\Data Management Tools.tbx\CalculateField" Date="20220429" Time="105054">CalculateField Yangchenphu LocalityNa "Yangchenphu" VB #</Process><Process ToolSource="c:\program files (x86)\arcgis\desktop10.8\ArcToolbox\Toolboxes\Data Management Tools.tbx\CalculateField" Date="20220429" Time="105109">CalculateField Yangchenphu LocalityNa "Yangchenphu" VB #</Process><Process ToolSource="c:\program files (x86)\arcgis\desktop10.8\ArcToolbox\Toolboxes\Data Management Tools.tbx\CalculateField" Date="20220429" Time="105122">CalculateField Yangchenphu City "Thimphu" VB #</Process></lineage></DataProperties></Esri></metadata>
