<?xml version="1.0" encoding="UTF-8"?>
<metadata xml:lang="en"><Esri><CreaDate>20220419</CreaDate><CreaTime>15234400</CreaTime><ArcGISFormat>1.0</ArcGISFormat><SyncOnce>TRUE</SyncOnce><DataProperties><lineage><Process ToolSource="c:\program files (x86)\arcgis\desktop10.8\ArcToolbox\Toolboxes\Data Management Tools.tbx\Append" Date="20220415" Time="142544">Append BuildingBase Zilukha NO_TEST "StreetName "StreetName" true true false 50 Text 0 0 ,First,#;PreDir "PreDir" true true false 10 Text 0 0 ,First,#;Quad "Quad" true true false 12 Text 0 0 ,First,#;Type "Type" true true false 30 Text 0 0 ,First,#;BuildingNo "BuildingNo" true true false 4 Long 0 0 ,First,#;ZurlamNo "ZurlamNo" true true false 4 Long 0 0 ,First,#;ZurlamSuffx "ZurlamSuffx" true true false 10 Text 0 0 ,First,#;Status "Status" true true false 10 Text 0 0 ,First,#;LocalityName "LocalityName" true true false 50 Text 0 0 ,First,#;BuildingID "BuildingID" true true false 4 Long 0 0 ,First,#;BuildingName "BuildingName" true true false 100 Text 0 0 ,First,#;Use "Use" true true false 20 Text 0 0 ,First,#;City "City" true true false 10 Text 0 0 ,First,#;Address "Address" true true false 150 Text 0 0 ,First,#;StrID "StrID" true true false 4 Long 0 0 ,First,#;SHAPE_Length "SHAPE_Length" false true true 8 Double 0 0 ,First,#,BuildingBase,SHAPE_Length,-1,-1;SHAPE_Area "SHAPE_Area" false true true 8 Double 0 0 ,First,#,BuildingBase,SHAPE_Area,-1,-1" #</Process><Process ToolSource="c:\program files (x86)\arcgis\desktop10.8\ArcToolbox\Toolboxes\Data Management Tools.tbx\CalculateField" Date="20220419" Time="145625">CalculateField Zilukha BuildingName "Drubthob Goemba" VB #</Process><Process ToolSource="c:\program files (x86)\arcgis\desktop10.8\ArcToolbox\Toolboxes\Data Management Tools.tbx\CalculateField" Date="20220419" Time="145744">CalculateField Zilukha Use "Religious" VB #</Process><Process ToolSource="c:\program files (x86)\arcgis\desktop10.8\ArcToolbox\Toolboxes\Data Management Tools.tbx\CalculateField" Date="20220419" Time="145857">CalculateField Zilukha PreDir Null VB #</Process><Process ToolSource="c:\program files (x86)\arcgis\desktop10.8\ArcToolbox\Toolboxes\Data Management Tools.tbx\CalculateField" Date="20220419" Time="150003">CalculateField Zilukha PreDir "N" VB #</Process><Process ToolSource="c:\program files (x86)\arcgis\desktop10.8\ArcToolbox\Toolboxes\Data Management Tools.tbx\CalculateField" Date="20220419" Time="150021">CalculateField Zilukha Quad "NW" VB #</Process><Process ToolSource="c:\program files (x86)\arcgis\desktop10.8\ArcToolbox\Toolboxes\Data Management Tools.tbx\CalculateField" Date="20220419" Time="151044">CalculateField Zilukha LocalityName "Zilukha" VB #</Process><Process ToolSource="c:\program files (x86)\arcgis\desktop10.8\ArcToolbox\Toolboxes\Data Management Tools.tbx\CalculateField" Date="20220419" Time="151056">CalculateField Zilukha City "Thimphu" VB #</Process><Process ToolSource="c:\program files (x86)\arcgis\desktop10.8\ArcToolbox\Toolboxes\Data Management Tools.tbx\CalculateField" Date="20220419" Time="151133">CalculateField Zilukha BuildingID autoIncrement() PYTHON_9.3 "rec=0 \ndef autoIncrement(): \n global rec \n pStart = 240001 \n pInterval = 1\n if (rec == 0):  \n  rec = pStart  \n else:  \n  rec += pInterval  \n return rec\n\n"</Process><Process ToolSource="c:\program files (x86)\arcgis\desktop10.8\ArcToolbox\Toolboxes\Data Management Tools.tbx\CalculateField" Date="20220419" Time="151222">CalculateField Zilukha Address "[BuildingNo]&amp;" "&amp; [StreetName]&amp;" "&amp; [Type]&amp;" "&amp; [Quad]&amp;", "&amp; [LocalityName]&amp;", "&amp; [City]" VB #</Process><Process ToolSource="c:\program files (x86)\arcgis\desktop10.8\ArcToolbox\Toolboxes\Data Management Tools.tbx\CalculateField" Date="20220419" Time="151325">CalculateField Zilukha Address "[BuildingNo]  &amp;" "&amp;[PreDir] &amp;" "&amp; [StreetName]&amp;" "&amp; [Type]&amp;","&amp; [LocalityName]&amp;", "&amp; [City]" VB #</Process><Process ToolSource="c:\program files (x86)\arcgis\desktop10.8\ArcToolbox\Toolboxes\Data Management Tools.tbx\CalculateField" Date="20220419" Time="151337">CalculateField Zilukha Address "[BuildingNo]  &amp;" "&amp;[PreDir] &amp;" "&amp; [StreetName]&amp;" "&amp; [Type]&amp;","&amp; [LocalityName]&amp;",  "&amp; [City]" VB #</Process><Process ToolSource="c:\program files (x86)\arcgis\desktop10.8\ArcToolbox\Toolboxes\Data Management Tools.tbx\CalculateField" Date="20220419" Time="151349">CalculateField Zilukha Address "[BuildingNo]  &amp;" "&amp;[PreDir] &amp;" "&amp; [StreetName]&amp;" "&amp; [Type]&amp;", "&amp; [LocalityName]&amp;", "&amp; [City]" VB #</Process><Process ToolSource="c:\program files (x86)\arcgis\desktop10.8\ArcToolbox\Toolboxes\Data Management Tools.tbx\CalculateField" Date="20220419" Time="151414">CalculateField Zilukha Address "[BuildingNo]  &amp;" "&amp;[PreDir] &amp;" "&amp; [StreetName]&amp;" "&amp; [Type]&amp;", "&amp; [LocalityName]&amp;", "&amp; [City]" VB #</Process><Process ToolSource="c:\program files (x86)\arcgis\desktop10.8\ArcToolbox\Toolboxes\Data Management Tools.tbx\CalculateField" Date="20220419" Time="151550">CalculateField Zilukha Address "[BuildingNo]&amp;" "&amp; [StreetName]&amp;" "&amp; [Type]&amp;" "&amp; [ZurlamNo] &amp;" "&amp; [Quad]&amp;", "&amp; [LocalityName]&amp;", "&amp; [City]" VB #</Process><Process ToolSource="c:\program files (x86)\arcgis\desktop10.8\ArcToolbox\Toolboxes\Data Management Tools.tbx\CalculateField" Date="20220419" Time="152132">CalculateField Zilukha Address Replace( [Address], "STTYP1","Lam" ) VB #</Process><Process ToolSource="c:\program files (x86)\arcgis\desktop10.8\ArcToolbox\Toolboxes\Data Management Tools.tbx\CalculateField" Date="20220419" Time="152151">CalculateField Zilukha Address Replace( [Address], "STTYP2","Zur Lam" ) VB #</Process><Process ToolSource="c:\program files (x86)\arcgis\desktop10.8\ArcToolbox\Toolboxes\Data Management Tools.tbx\DeleteField" Date="20220419" Time="155153">DeleteField D:\Addressing102021\ShapeFileGoogle\Zilukha\Zilukha.shp OBJECTID;StreetName;PreDir;Quad;Type;BuildingNo;ZurlamNo;ZurlamSuff;StrID;SHAPE_Leng;SHAPE_Area</Process></lineage></DataProperties></Esri></metadata>
