<?xml version="1.0" encoding="UTF-8"?>
<metadata xml:lang="en"><Esri><CreaDate>20220506</CreaDate><CreaTime>12032200</CreaTime><ArcGISFormat>1.0</ArcGISFormat><SyncOnce>TRUE</SyncOnce><DataProperties><lineage><Process ToolSource="c:\program files (x86)\arcgis\desktop10.8\ArcToolbox\Toolboxes\Data Management Tools.tbx\Append" Date="20220505" Time="122444">Append BuildingBase Taba NO_TEST "StreetName "StreetName" true true false 50 Text 0 0 ,First,#;PreDir "PreDir" true true false 10 Text 0 0 ,First,#;Quad "Quad" true true false 12 Text 0 0 ,First,#;Type "Type" true true false 30 Text 0 0 ,First,#;BuildingNo "BuildingNo" true true false 4 Long 0 0 ,First,#;ZurlamNo "ZurlamNo" true true false 4 Long 0 0 ,First,#;ZurlamSuffx "ZurlamSuffx" true true false 10 Text 0 0 ,First,#;Status "Status" true true false 10 Text 0 0 ,First,#;LocalityName "LocalityName" true true false 50 Text 0 0 ,First,#;BuildingID "BuildingID" true true false 4 Long 0 0 ,First,#;BuildingName "BuildingName" true true false 100 Text 0 0 ,First,#;Use "Use" true true false 20 Text 0 0 ,First,#;City "City" true true false 10 Text 0 0 ,First,#;Address "Address" true true false 150 Text 0 0 ,First,#;StrID "StrID" true true false 4 Long 0 0 ,First,#;SHAPE_Length "SHAPE_Length" false true true 8 Double 0 0 ,First,#,BuildingBase,SHAPE_Length,-1,-1;SHAPE_Area "SHAPE_Area" false true true 8 Double 0 0 ,First,#,BuildingBase,SHAPE_Area,-1,-1" #</Process><Process ToolSource="c:\program files (x86)\arcgis\desktop10.8\ArcToolbox\Toolboxes\Data Management Tools.tbx\CalculateField" Date="20220506" Time="111759">CalculateField Taba City "Thimphu" VB #</Process><Process ToolSource="c:\program files (x86)\arcgis\desktop10.8\ArcToolbox\Toolboxes\Data Management Tools.tbx\CalculateField" Date="20220506" Time="111819">CalculateField Taba LocalityName "Taba" VB #</Process><Process ToolSource="c:\program files (x86)\arcgis\desktop10.8\ArcToolbox\Toolboxes\Data Management Tools.tbx\CalculateField" Date="20220506" Time="111836">CalculateField Taba PreDir Null VB #</Process><Process ToolSource="c:\program files (x86)\arcgis\desktop10.8\ArcToolbox\Toolboxes\Data Management Tools.tbx\CalculateField" Date="20220506" Time="112417">CalculateField Taba Quad Null VB #</Process><Process ToolSource="c:\program files (x86)\arcgis\desktop10.8\ArcToolbox\Toolboxes\Data Management Tools.tbx\CalculateField" Date="20220506" Time="112452">CalculateField Taba PreDir "N" VB #</Process><Process ToolSource="c:\program files (x86)\arcgis\desktop10.8\ArcToolbox\Toolboxes\Data Management Tools.tbx\CalculateField" Date="20220506" Time="112844">CalculateField Taba Quad "NE" VB #</Process><Process ToolSource="c:\program files (x86)\arcgis\desktop10.8\ArcToolbox\Toolboxes\Data Management Tools.tbx\CalculateField" Date="20220506" Time="113449">CalculateField Taba Quad "NW" VB #</Process><Process ToolSource="c:\program files (x86)\arcgis\desktop10.8\ArcToolbox\Toolboxes\Data Management Tools.tbx\CalculateField" Date="20220506" Time="114130">CalculateField Taba Address "[BuildingNo]&amp;" "&amp;[PreDir] &amp;" "&amp; [StreetName]&amp;" "&amp; [Type] &amp;", "&amp; [LocalityName]&amp;", "&amp; [City]" VB #</Process><Process ToolSource="c:\program files (x86)\arcgis\desktop10.8\ArcToolbox\Toolboxes\Data Management Tools.tbx\CalculateField" Date="20220506" Time="114159">CalculateField Taba Address "[BuildingNo]&amp;" "&amp; [StreetName]&amp;" "&amp; [Type]&amp;" "&amp; [Quad]&amp;", "&amp; [LocalityName]&amp;", "&amp; [City]" VB #</Process><Process ToolSource="c:\program files (x86)\arcgis\desktop10.8\ArcToolbox\Toolboxes\Data Management Tools.tbx\CalculateField" Date="20220506" Time="114224">CalculateField Taba Address "[BuildingNo]&amp;" "&amp; [StreetName]&amp;" "&amp; [Type]&amp;" "&amp; [ZurlamNo] &amp;" "&amp; [Quad]&amp;", "&amp; [LocalityName]&amp;", "&amp; [City]" VB #</Process><Process ToolSource="c:\program files (x86)\arcgis\desktop10.8\ArcToolbox\Toolboxes\Data Management Tools.tbx\CalculateField" Date="20220506" Time="114242">CalculateField Taba Address "[BuildingNo]&amp;" "&amp; [StreetName]&amp;" "&amp; [Type]&amp;" "&amp; [ZurlamNo] &amp;" "&amp; [ZurlamSuffx]  &amp;" "&amp;[Quad]&amp;", "&amp; [LocalityName]&amp;", "&amp; [City]" VB #</Process><Process ToolSource="c:\program files (x86)\arcgis\desktop10.8\ArcToolbox\Toolboxes\Data Management Tools.tbx\CalculateField" Date="20220506" Time="114907">CalculateField Taba ZurlamNo Null VB #</Process><Process ToolSource="c:\program files (x86)\arcgis\desktop10.8\ArcToolbox\Toolboxes\Data Management Tools.tbx\CalculateField" Date="20220506" Time="120247">CalculateField Taba BuildingID autoIncrement() PYTHON_9.3 "rec=0 \ndef autoIncrement(): \n global rec \n pStart = 300001\n pInterval = 1\n if (rec == 0):  \n  rec = pStart  \n else:  \n  rec += pInterval  \n return rec\n\n"</Process><Process ToolSource="c:\program files (x86)\arcgis\desktop10.8\ArcToolbox\Toolboxes\Data Management Tools.tbx\CalculateField" Date="20220509" Time="100446">CalculateField Taba Address !Address!.replace("STTYP1", "Lam") PYTHON_9.3 #</Process><Process ToolSource="c:\program files (x86)\arcgis\desktop10.8\ArcToolbox\Toolboxes\Data Management Tools.tbx\CalculateField" Date="20220509" Time="100458">CalculateField Taba Address !Address!.replace("STTYP2", "Zur Lam") PYTHON_9.3 #</Process></lineage></DataProperties></Esri></metadata>
