<?xml version="1.0" encoding="UTF-8"?>
<metadata xml:lang="en"><Esri><CreaDate>20220426</CreaDate><CreaTime>16204000</CreaTime><ArcGISFormat>1.0</ArcGISFormat><SyncOnce>TRUE</SyncOnce><DataProperties><lineage><Process ToolSource="c:\program files (x86)\arcgis\desktop10.8\ArcToolbox\Toolboxes\Data Management Tools.tbx\Append" Date="20220426" Time="105936">Append BuildingBase Lhadrong NO_TEST "StreetName "StreetName" true true false 50 Text 0 0 ,First,#;PreDir "PreDir" true true false 10 Text 0 0 ,First,#;Quad "Quad" true true false 12 Text 0 0 ,First,#;Type "Type" true true false 30 Text 0 0 ,First,#;BuildingNo "BuildingNo" true true false 4 Long 0 0 ,First,#;ZurlamNo "ZurlamNo" true true false 4 Long 0 0 ,First,#;ZurlamSuffx "ZurlamSuffx" true true false 10 Text 0 0 ,First,#;Status "Status" true true false 10 Text 0 0 ,First,#;LocalityName "LocalityName" true true false 50 Text 0 0 ,First,#;BuildingID "BuildingID" true true false 4 Long 0 0 ,First,#;BuildingName "BuildingName" true true false 100 Text 0 0 ,First,#;Use "Use" true true false 20 Text 0 0 ,First,#;City "City" true true false 10 Text 0 0 ,First,#;Address "Address" true true false 150 Text 0 0 ,First,#;StrID "StrID" true true false 4 Long 0 0 ,First,#;SHAPE_Length "SHAPE_Length" false true true 8 Double 0 0 ,First,#,BuildingBase,SHAPE_Length,-1,-1;SHAPE_Area "SHAPE_Area" false true true 8 Double 0 0 ,First,#,BuildingBase,SHAPE_Area,-1,-1" #</Process><Process ToolSource="c:\program files (x86)\arcgis\desktop10.8\ArcToolbox\Toolboxes\Data Management Tools.tbx\CalculateField" Date="20220426" Time="152402">CalculateField Lhadrong BuildingID autoIncrement() PYTHON_9.3 "rec=0 \ndef autoIncrement(): \n global rec \n pStart = 270001 \n pInterval = 1\n if (rec == 0):  \n  rec = pStart  \n else:  \n  rec += pInterval  \n return rec\n\n"</Process><Process ToolSource="c:\program files (x86)\arcgis\desktop10.8\ArcToolbox\Toolboxes\Data Management Tools.tbx\CalculateField" Date="20220426" Time="152630">CalculateField Lhadrong LocalityName "Lhadrong" VB #</Process><Process ToolSource="c:\program files (x86)\arcgis\desktop10.8\ArcToolbox\Toolboxes\Data Management Tools.tbx\CalculateField" Date="20220426" Time="152723">CalculateField Lhadrong City "Thimphu" VB #</Process><Process ToolSource="c:\program files (x86)\arcgis\desktop10.8\ArcToolbox\Toolboxes\Data Management Tools.tbx\CalculateField" Date="20220426" Time="153817">CalculateField Lhadrong PreDir Null VB #</Process><Process ToolSource="c:\program files (x86)\arcgis\desktop10.8\ArcToolbox\Toolboxes\Data Management Tools.tbx\CalculateField" Date="20220426" Time="153901">CalculateField Lhadrong Quad "NE" VB #</Process><Process ToolSource="c:\program files (x86)\arcgis\desktop10.8\ArcToolbox\Toolboxes\Data Management Tools.tbx\CalculateField" Date="20220426" Time="154333">CalculateField Lhadrong Address "[BuildingNo]&amp;" "&amp; [StreetName]&amp;" "&amp; [Type]&amp;" "&amp; [Quad]&amp;", "&amp; [LocalityName]&amp;", "&amp; [City]" VB #</Process><Process ToolSource="c:\program files (x86)\arcgis\desktop10.8\ArcToolbox\Toolboxes\Data Management Tools.tbx\CalculateField" Date="20220426" Time="154539">CalculateField Lhadrong Address "[BuildingNo]&amp;" "&amp; [StreetName]&amp;" "&amp; [Type]&amp;" "&amp; [ZurlamNo] &amp;" "&amp; [ZurlamSuffx]  &amp;" "&amp;[Quad]&amp;", "&amp; [LocalityName]&amp;", "&amp; [City]" VB #</Process><Process ToolSource="c:\program files (x86)\arcgis\desktop10.8\ArcToolbox\Toolboxes\Data Management Tools.tbx\CalculateField" Date="20220426" Time="154915">CalculateField Lhadrong Address "[BuildingNo]&amp;" "&amp; [StreetName]&amp;" "&amp; [Type]&amp;" "&amp; [ZurlamNo] &amp;" "&amp; [Quad]&amp;", "&amp; [LocalityName]&amp;", "&amp; [City]" VB #</Process><Process ToolSource="c:\program files (x86)\arcgis\desktop10.8\ArcToolbox\Toolboxes\Data Management Tools.tbx\CalculateField" Date="20220426" Time="155450">CalculateField Lhadrong Address Replace( [Address], "STTYP2","Zur Lam" ) VB #</Process><Process ToolSource="c:\program files (x86)\arcgis\desktop10.8\ArcToolbox\Toolboxes\Data Management Tools.tbx\CalculateField" Date="20220426" Time="155504">CalculateField Lhadrong Address Replace( [Address], "STTYP1","Lam" ) VB #</Process><Process ToolSource="c:\program files (x86)\arcgis\desktop10.8\ArcToolbox\Toolboxes\Data Management Tools.tbx\CalculateField" Date="20220426" Time="155922">CalculateField Lhadrong BuildingName "Thimphu Crematorium" VB #</Process><Process ToolSource="c:\program files (x86)\arcgis\desktop10.8\ArcToolbox\Toolboxes\Data Management Tools.tbx\CalculateField" Date="20220426" Time="160645">CalculateField Lhadrong Quad "NE" VB #</Process><Process ToolSource="c:\program files (x86)\arcgis\desktop10.8\ArcToolbox\Toolboxes\Data Management Tools.tbx\CalculateField" Date="20220426" Time="160701">CalculateField Lhadrong Address "[BuildingNo]&amp;" "&amp; [StreetName]&amp;" "&amp; [Type]&amp;" "&amp; [Quad]&amp;", "&amp; [LocalityName]&amp;", "&amp; [City]" VB #</Process><Process ToolSource="c:\program files (x86)\arcgis\desktop10.8\ArcToolbox\Toolboxes\Data Management Tools.tbx\CalculateField" Date="20220426" Time="160718">CalculateField Lhadrong Address Replace( [Address], "STTYP1","Lam" ) VB #</Process><Process ToolSource="c:\program files (x86)\arcgis\desktop10.8\ArcToolbox\Toolboxes\Data Management Tools.tbx\CalculateField" Date="20220426" Time="161644">CalculateField Lhadrong PreDir Null VB #</Process><Process ToolSource="c:\program files (x86)\arcgis\desktop10.8\ArcToolbox\Toolboxes\Data Management Tools.tbx\CalculateField" Date="20220426" Time="161753">CalculateField Lhadrong BuildingID autoIncrement() PYTHON_9.3 "rec=0 \ndef autoIncrement(): \n global rec \n pStart = 270001\n pInterval =1\n if (rec == 0):  \n  rec = pStart  \n else:  \n  rec += pInterval  \n return rec\n\n"</Process><Process ToolSource="c:\program files (x86)\arcgis\desktop10.8\ArcToolbox\Toolboxes\Data Management Tools.tbx\CalculateField" Date="20220426" Time="161830">CalculateField Lhadrong Address "[BuildingNo]&amp;" "&amp; [StreetName]&amp;" "&amp; [Type]&amp;" "&amp; [Quad]&amp;", "&amp; [LocalityName]&amp;", "&amp; [City]" VB #</Process><Process ToolSource="c:\program files (x86)\arcgis\desktop10.8\ArcToolbox\Toolboxes\Data Management Tools.tbx\CalculateField" Date="20220426" Time="161855">CalculateField Lhadrong Address Replace( [Address], "STTYP1","Lam" ) VB #</Process></lineage></DataProperties></Esri></metadata>
